<application>
  <component name="GraziConfig">
    <option name="enabledLanguages">
      <set>
        <option value="English (US)" />
        <option value="Portuguese (Portugal)" />
      </set>
    </option>
    <option name="suppressingContext">
      <SuppressingContext>
        <option name="suppressed">
          <set>
            <option value="AND and" />
            <option value="e-mail" />
          </set>
        </option>
      </SuppressingContext>
    </option>
  </component>
</application>